{
  "Component.js": 1742140354063,
  "i18n/i18n.properties": 1742140354063,
  "controller/Main.controller.js": 1742142382251,
  "controller/App.controller.js": 1742140354067,
  "manifest.json": 1742216632326,
  "model/models.js": 1742140354063,
  "Component-dbg.js": 1742140354063,
  "Component.js.map": 1742216632435,
  "controller/Main-dbg.controller.js": 1742142382251,
  "controller/Main.controller.js.map": 1742216632437,
  "controller/App-dbg.controller.js": 1742140354067,
  "controller/App.controller.js.map": 1742216632434,
  "model/models-dbg.js": 1742140354063,
  "model/models.js.map": 1742216632437,
  "Component-preload.js": 1742216632504,
  "Component-preload.js.map": 1742216632504,
  "view/Main.view.xml": 1742142581208,
  "view/App.view.xml": 1742140354071,
  "css/style.css": 1742140354067,
  "index.html": 1742140354063
}