{
  "i18n/i18n.properties": 1742140354063,
  "Component.js": 1742140354063,
  "controller/Main.controller.js": 1742142382251,
  "controller/App.controller.js": 1742140354067,
  "manifest.json": 1742143151025,
  "model/models.js": 1742140354063,
  "Component-dbg.js": 1742140354063,
  "Component.js.map": 1742143151145,
  "controller/Main-dbg.controller.js": 1742142382251,
  "controller/Main.controller.js.map": 1742143151154,
  "controller/App-dbg.controller.js": 1742140354067,
  "controller/App.controller.js.map": 1742143151148,
  "model/models-dbg.js": 1742140354063,
  "model/models.js.map": 1742143151145,
  "Component-preload.js": 1742143151222,
  "Component-preload.js.map": 1742143151222,
  "view/Main.view.xml": 1742142581208,
  "view/App.view.xml": 1742140354071,
  "css/style.css": 1742140354067,
  "index.html": 1742140354063
}